Platform,Category,Platform type,Scope,Oslo relevance,Language,Ad origin,Best for,Priority,Status,Likely fit,Notes,Listings URL,Source URL,Verified date,Confidence,Acquisition tier,Feed URL
Arbeidsplassen (NAV),National / general,Primary job board,Norway,High,Norwegian + some English,Mostly original / syndicated,All sectors; public and private,1 Core,Verified active,High,Official national vacancy service. Useful filter: jobs that do not require a driving licence.,https://arbeidsplassen.nav.no/stillinger,https://arbeidsplassen.nav.no/stillinger,2026-08-05,High,Feed,https://pam-stilling-feed.nav.no/api/v1/feed
FINN Jobb,National / general,Primary job board,Norway,High,Mostly Norwegian,Mostly original,"Broad private-sector coverage; retail, service, tech",1 Core,Verified active,High,One of Norway’s largest commercial job boards.,https://www.finn.no/job/,https://www.finn.no/job/,2026-08-05,High,,
Jobbnorge,National / general,Primary job board / ATS,Norway,High,Norwegian + English,Mostly original,"Public sector, universities, research, specialist roles",1 Core,Verified active,Medium,Strong for public and academic vacancies.,https://www.jobbnorge.no/search/en,https://www.jobbnorge.no/search/en,2026-08-05,High,,
Webcruiter,National / general,ATS with public vacancy index,Norway,High,Norwegian + English,Original employer ads,"Municipalities, state bodies, large employers",1 Core,Verified active,Medium,Many Norwegian employers publish directly through this ATS.,https://candidate.webcruiter.com/nb-no/home/alladverts,https://candidate.webcruiter.com/nb-no/home/alladverts,2026-08-05,High,,
LinkedIn Jobs,National / general,Professional network / job board,Norway + global,High,Norwegian + English,Mixed,"Tech, sales, customer success, professional roles",1 Core,Verified active,High,Strong Oslo and international-company coverage; also useful for recruiter discovery.,https://www.linkedin.com/jobs/jobs-in-norway/,https://www.linkedin.com/jobs/jobs-in-norway/,2026-08-05,High,,
Indeed Norway,National / general,Aggregator / job board,Norway,High,Mostly Norwegian,Mixed; many duplicates,Broad search and long-tail employers,1 Core,Verified active,High,Check the employer’s original ad before applying.,https://no.indeed.com/,https://no.indeed.com/,2026-08-05,High,,
Glassdoor Norway,National / general,Aggregator + employer reviews,Norway + global,High,Mostly English,Mixed; many duplicates,"International employers, salary/review context",2 Supplemental,Verified active,Medium,Useful for company research as well as listings.,"https://www.glassdoor.com/Job/norway-jobs-SRCH_IL.0,6_IN180.htm","https://www.glassdoor.com/Job/norway-jobs-SRCH_IL.0,6_IN180.htm",2026-08-05,High,,
Jobbsafari,National / general,Aggregator / job board,Norway,High,Norwegian,Mixed,Broad Norwegian listings,2 Supplemental,Verified active,High,Often overlaps with primary boards.,https://www.jobbsafari.no/,https://www.jobbsafari.no/,2026-08-05,High,,
Careerjet Norway,National / general,Aggregator,Norway,High,Norwegian + English,Mostly aggregated,Broad discovery,3 Niche,Verified active,Medium,Use as a coverage check rather than the only source.,https://www.careerjet.no/,https://www.careerjet.no/,2026-08-05,High,,
Jooble Norway,National / general,Aggregator,Norway,High,Norwegian + English,Mostly aggregated,Broad discovery,3 Niche,Verified active,Medium,May redirect through several layers; find the original ad.,https://no.jooble.org/,https://no.jooble.org/,2026-08-05,High,,
Talent.com Norway,National / general,Aggregator,Norway,High,Norwegian + English,Mostly aggregated,Broad discovery,3 Niche,Verified active,Medium,Supplementary search engine.,https://no.talent.com/,https://no.talent.com/,2026-08-05,High,,
GrabJobs Oslo,Oslo / international,Aggregator / job board,Oslo + Norway,High,English + Norwegian,Mixed,"Entry-level, service, international discovery",3 Niche,Verified active,Medium,Dedicated Oslo search pages.,https://grabjobs.co/norway/jobs-in-oslo,https://grabjobs.co/norway/jobs-in-oslo,2026-08-05,High,,
Jobs.no,National / general,Job board,Norway,Medium,Norwegian,Mixed,General vacancies,3 Niche,Verified active,Medium,Smaller general board.,https://www.jobs.no/,https://www.jobs.no/,2026-08-05,High,,
KarriereStart,National / general,Career portal / job board,Norway,High,Norwegian,Mixed,"Students, graduates, broad roles",2 Supplemental,Verified active,High,Also powers some partner-branded job portals.,https://karrierestart.no/ledig-stilling,https://karrierestart.no/ledig-stilling,2026-08-05,High,,
Oslopolitan Jobs,Oslo / international,Partner job portal,Oslo region,High,English-friendly,Mixed,International talent in Oslo,2 Supplemental,Verified active,High,Useful for English-speaking and internationally oriented roles.,https://www.oslopolitan.no/jobs,https://www.oslopolitan.no/jobs,2026-08-05,High,,
JobsinOslo,Oslo / international,English-language job board,Oslo + Norway,High,English,Mixed,English-speaking professionals and expats,2 Supplemental,Verified active,High,Part of the Jobsin Network.,https://jobsinoslo.com/,https://jobsinoslo.com/,2026-08-05,High,,
EnglishJobs.no,Oslo / international,English-language aggregator,Norway,High,English,Mostly aggregated,English-speaking and remote roles,2 Supplemental,Verified active,High,Good supplementary filter; verify the original listing.,https://englishjobs.no/,https://englishjobs.no/,2026-08-05,High,,
EURES,Oslo / international,Official European job network,Norway + EEA,High,Multilingual,Employer/public-network ads,Cross-border and international recruitment,2 Supplemental,Verified active,Medium,Official EU/EEA mobility portal.,https://eures.europa.eu/jobseekers_en,https://eures.europa.eu/jobseekers_en,2026-08-05,High,,
Europass Find Jobs,Oslo / international,Official European search portal,Europe incl. Norway,Medium,Multilingual,Aggregated from EURES,Cross-border discovery,3 Niche,Verified active,Low,Overlaps heavily with EURES.,https://europa.eu/europass/en/find-jobs,https://europa.eu/europass/en/find-jobs,2026-08-05,High,,
Oslo kommune – ledige stillinger,Public sector,Employer network / public portal,Oslo,High,Norwegian,Original employer ads,"Municipal services, administration, care, schools",1 Core,Verified active,High,Major Oslo employer with many role types.,https://www.oslo.kommune.no/ledige-stillinger/,https://www.oslo.kommune.no/ledige-stillinger/,2026-08-05,High,,
Kommunaljobb,Public sector,Sector job board,Norway,High,Norwegian,Mostly original,Municipal and public-sector work,2 Supplemental,Verified active,Medium,Useful alongside Arbeidsplassen and Webcruiter.,https://www.kommunaljobb.no/,https://www.kommunaljobb.no/,2026-08-05,High,,
Forsvaret – ledige stillinger,Public sector,Employer network / public portal,Norway,Medium,Norwegian,Original employer ads,Civilian and military defence roles,3 Niche,Verified active,Low,"Some roles have citizenship, clearance, fitness or location constraints.",https://www.forsvaret.no/jobb/ledige-stillinger,https://www.forsvaret.no/jobb/ledige-stillinger,2026-08-05,High,,
Politiet – ledige stillinger,Public sector,Employer network / public portal,Norway,High,Norwegian,Original employer ads,"Police, civilian IT, administration and specialist roles",3 Niche,Verified active,Medium,Listings are also commonly mirrored to Arbeidsplassen.,https://www.politiet.no/om-politiet/jobb-i-politiet/ledige-stillinger/,https://www.politiet.no/om-politiet/jobb-i-politiet/ledige-stillinger/,2026-08-05,High,,
The Hub,Tech / startup,Startup job board,Nordics incl. Norway,High,Mostly English,Mostly original,"Startups, product, customer success, sales, tech",1 Core,Verified active,High,Primary Nordic startup board; absorbed Startupmatcher.,https://thehub.io/jobs?countryCode=NO,https://thehub.io/jobs?countryCode=NO,2026-08-05,High,,
StartupLab Jobs,Tech / startup,Startup ecosystem job board,Norway / Oslo,High,English + Norwegian,Original member-company ads,Oslo startups and scaleups,1 Core,Verified active,High,Strong local startup ecosystem source.,https://jobs.startuplab.no/,https://jobs.startuplab.no/,2026-08-05,High,,
Kodejobb,Tech / startup,Developer job board,Norway,High,Norwegian,Mostly original,Software development and engineering,2 Supplemental,Verified active,High,Developer-focused Norwegian board.,https://kodejobb.no/,https://kodejobb.no/,2026-08-05,High,,
Tekjobb,Tech / startup,Engineering / technology job board,Norway,High,Norwegian,Mostly original,"Technology, engineering and IT",2 Supplemental,Verified active,High,Operated in the TU Media ecosystem.,https://www.tekjobb.no/,https://www.tekjobb.no/,2026-08-05,High,,
Startup.jobs Norway,Tech / startup,Global startup job board,Norway filter,Medium,English,Mixed,Startup roles not captured by Nordic boards,3 Niche,Verified active,Medium,Supplementary global startup source.,https://startup.jobs/locations/norway,https://startup.jobs/locations/norway,2026-08-05,High,,
StartupMap Oslo,Tech / startup,Ecosystem directory / jobs,Oslo,High,English,Mixed,Discovering Oslo startups and openings,3 Niche,Verified active,High,Useful for company discovery even when jobs are linked externally.,https://startupmap.no/,https://startupmap.no/,2026-08-05,Medium,,
NordicTechJobs Norway,Tech / startup,Tech job board,Norway / Nordics,Medium,English,Mostly original,Software and tech roles,3 Niche,Verified active,High,Nordic-specific technology listings.,https://nordictechjobs.com/jobs/norway,https://nordictechjobs.com/jobs/norway,2026-08-05,High,,
Wellfound,Tech / startup,Startup talent marketplace,Global with Norway filter,Medium,English,Mostly original,Venture-backed startups and remote roles,3 Niche,Verified active,High,Formerly AngelList Talent.,https://wellfound.com/location/norway,https://wellfound.com/location/norway,2026-08-05,High,,
F6S Jobs Norway,Tech / startup,Startup community / job board,Norway filter,Medium,English,Mixed,"Early-stage startups, accelerators",3 Niche,Verified active,Medium,Coverage varies.,https://www.f6s.com/jobs/norway,https://www.f6s.com/jobs/norway,2026-08-05,High,,
MeetFrank Norway,Tech / startup,Job-matching marketplace,Norway,High,English,Mixed,"Tech, product, sales and remote roles",2 Supplemental,Verified active,High,App-first matching and salary-oriented discovery.,https://meetfrank.com/jobs/norway,https://meetfrank.com/jobs/norway,2026-08-05,High,,
Tenth Revolution Group Norway,Tech / startup,Specialist recruiter board,Norway,High,English + Norwegian,Recruiter-owned,"Cloud, data, software and enterprise tech",2 Supplemental,Verified active,High,Specialist technology recruitment brands.,https://www.tenthrevolution.com/no/ledige-stillinger,https://www.tenthrevolution.com/no/ledige-stillinger,2026-08-05,High,,
JobTeaser,Student / graduate,Student and graduate platform,Norway + Europe,High,English + Norwegian,Mixed / institution-linked,"Internships, graduate programmes, early careers",2 Supplemental,Verified active,High,Graduateland has been folded into JobTeaser.,https://www.jobteaser.com/en/job-offers,https://www.jobteaser.com/en/job-offers,2026-08-05,High,,
Academic Work Norway,Student / graduate,Recruiter job board,Norway,High,Norwegian + English,Recruiter-owned,"Early-career tech, administration, service and sales",1 Core,Verified active,High,Often targets students and recent graduates.,https://www.academicwork.no/ledige-stillinger,https://www.academicwork.no/ledige-stillinger,2026-08-05,High,,
StudentConsulting Norway,Student / graduate,Recruiter job board,Norway,High,Norwegian,Recruiter-owned,"Part-time, logistics, service, administration",2 Supplemental,Verified active,High,Useful for entry-level and flexible work.,https://www.studentconsulting.com/no/ledige-stillinger/,https://www.studentconsulting.com/no/ledige-stillinger/,2026-08-05,High,,
UiO Career Opportunities,Student / graduate,University career portal,Oslo / Norway,High,English + Norwegian,Original / partner ads,"Student jobs, internships and graduate opportunities",3 Niche,Verified active,Medium,Especially relevant to UiO students and recent graduates.,https://www.uio.no/english/studies/career/career-opportunities/,https://www.uio.no/english/studies/career/career-opportunities/,2026-08-05,High,,
Nordjobb,Student / graduate,Nordic seasonal-work programme,Nordics incl. Norway,Medium,Scandinavian + English,Programme vacancies,Seasonal work for young Nordic residents,3 Niche,Seasonal / active,Medium,Age and Nordic-language/residency eligibility can apply.,https://www.nordjobb.org/en/,https://www.nordjobb.org/en/,2026-08-05,Medium,,
Utdanningsnytt Stillinger,Education,Sector job board,Norway,High,Norwegian,Mostly original,"Schools, teaching and education administration",3 Niche,Verified active,Low,Specialist source for education roles.,https://www.utdanningsnytt.no/stillinger,https://www.utdanningsnytt.no/stillinger,2026-08-05,High,,
EURAXESS Jobs,Academic / research,Official research job network,Europe incl. Norway,High,English,Original institution ads,"Research, PhD, postdoc and academic mobility",2 Supplemental,Verified active,Medium,Official European research careers portal.,https://euraxess.ec.europa.eu/jobs/search,https://euraxess.ec.europa.eu/jobs/search,2026-08-05,High,,
Academic Positions Norway,Academic / research,Academic job board,Norway filter,High,English,Mostly original,"PhD, postdoc, faculty and research",2 Supplemental,Verified active,Medium,Good international-facing academic coverage.,https://academicpositions.com/jobs/country/norway,https://academicpositions.com/jobs/country/norway,2026-08-05,High,,
University Positions Norway,Academic / research,Academic job board,Norway,High,English + Norwegian,Mostly original,University and research vacancies,3 Niche,Verified active,Medium,Dedicated Norwegian academic portal.,https://universitypositions.no/,https://universitypositions.no/,2026-08-05,High,,
Khrono Stillinger,Academic / research,Sector job board,Norway,High,Norwegian,Mostly original,"Universities, colleges, research and administration",2 Supplemental,Verified active,Medium,"Covers academic, technical, administrative and communications roles.",https://stilling.khrono.no/,https://stilling.khrono.no/,2026-08-05,High,,
Adecco Norway,Staffing / recruitment,Recruiter job board,Norway,High,Norwegian + English,Recruiter-owned,"Warehouse, service, office, hospitality, industry",1 Core,Verified active,High,Large general staffing agency.,https://www.adecco.com/nb-no/ledige-stillinger,https://www.adecco.com/nb-no,2026-08-05,High,,
Manpower Norway,Staffing / recruitment,Recruiter job board,Norway,High,Norwegian,Recruiter-owned,"Office, customer service, logistics, tech and temporary work",1 Core,Verified active,High,Large general staffing agency.,https://www.manpower.no/nb/sok,https://www.manpower.no/nb/sok,2026-08-05,High,,
Randstad Norway,Staffing / recruitment,Recruiter job board,Norway,High,Norwegian + English,Recruiter-owned,"Office, finance, tech, logistics, service",1 Core,Verified active,High,Large recruiter with Oslo coverage.,https://www.randstad.no/ledige-stillinger/,https://www.randstad.no/ledige-stillinger/,2026-08-05,High,,
Jobzone,Staffing / recruitment,Recruiter job board,Norway,High,Norwegian,Recruiter-owned,Broad local staffing and permanent roles,1 Core,Verified active,High,More than 30 local offices and broad sector coverage.,https://jobzone.no/ledige-stillinger,https://jobzone.no/,2026-08-05,High,,
Personalhuset,Staffing / recruitment,Recruiter job board,Norway,High,Norwegian,Recruiter-owned,"Service, office, sales, logistics and professional roles",2 Supplemental,Verified active,High,National staffing and recruitment provider.,https://www.personalhuset.no/ledige-stillinger,https://www.personalhuset.no/,2026-08-05,High,,
Temp-Team Norway,Staffing / recruitment,Recruiter job board,Norway,High,Norwegian,Recruiter-owned,Temporary and permanent work across sectors,2 Supplemental,Verified active,High,General staffing board.,https://temp-team.no/ledige-stillinger,https://temp-team.no/ledige-stillinger,2026-08-05,High,,
Eterni,Staffing / recruitment,Recruiter job board,Norway,High,Norwegian + English,Recruiter-owned,"Logistics, production, construction, service",2 Supplemental,Verified active,Medium,Strong in staffing-intensive sectors.,https://eterni.no/ledige-stillinger/,https://eterni.no/ledige-stillinger/,2026-08-05,High,,
Workshop Bemanning,Staffing / recruitment,Recruiter job board,Norway,High,Norwegian,Recruiter-owned,"Construction, automotive, industry, warehouse",3 Niche,Verified active,Medium,Many roles are trade-specific.,https://www.workshop.no/ledige-stillinger,https://www.workshop.no/ledige-stillinger,2026-08-05,High,,
Hammer & Hanborg,Staffing / recruitment,Specialist recruiter board,Norway / Nordics,High,Norwegian + English,Recruiter-owned,"Communications, marketing, digital and creative",2 Supplemental,Verified active,High,Relevant to client-facing digital roles.,https://www.hammerhanborg.no/ledige-stillinger,https://www.hammerhanborg.no/ledige-stillinger,2026-08-05,High,,
Jefferson Wells Norway,Staffing / recruitment,Specialist recruiter board,Norway,High,Norwegian + English,Recruiter-owned,"Engineering, finance, management and specialists",3 Niche,Verified active,Medium,Part of the ManpowerGroup ecosystem.,https://www.jeffersonwells.no/nb/sok,https://www.jeffersonwells.no/nb/sok,2026-08-05,High,,
Experis Norway,Staffing / recruitment,Specialist recruiter board,Norway,High,Norwegian + English,Recruiter-owned,"IT, technology and digital consulting",2 Supplemental,Verified active,High,Technology-focused ManpowerGroup brand.,https://www.experis.no/nb/sok,https://www.experis.no/nb/sok,2026-08-05,High,,
Sperton Norway,Staffing / recruitment,Recruiter job board,Norway + global,High,English + Norwegian,Recruiter-owned,"Tech, engineering, sales and international roles",3 Niche,Verified active,High,International recruiter headquartered in Norway.,https://www.sperton.com/jobs/,https://www.sperton.com/jobs/,2026-08-05,High,,
NES Fircroft Norway,Staffing / recruitment,Specialist recruiter board,Norway,Medium,English,Recruiter-owned,"Engineering, energy, IT and technical contracts",3 Niche,Verified active,Medium,Strongest in specialist technical sectors.,https://www.nesfircroft.com/regions/recruitment-in-europe/norway-jobs/,https://www.nesfircroft.com/regions/recruitment-in-europe/norway-jobs/,2026-08-05,High,,
MeyerHaugen,Staffing / recruitment,Recruiter job board,Norway / Oslo,High,Norwegian,Recruiter-owned,"Management, finance, HR, technology and specialists",3 Niche,Verified active,Medium,Oslo-oriented recruitment company.,https://meyerhaugen.no/ledige-stillinger/,https://meyerhaugen.no/ledige-stillinger/,2026-08-05,High,,
Job Norway,Staffing / recruitment,Sector recruiter board,Norway,Medium,English,Recruiter-owned,"Hospitality, tourism and seasonal work",3 Niche,Verified active,Medium,Targets international workers for Norwegian hospitality roles.,https://jobnorway.no/jobs/,https://jobnorway.no/jobs/,2026-08-05,High,,
Toptemp,Staffing / recruitment,Recruiter job board,Norway,High,Norwegian,Recruiter-owned,"Sales, service, logistics, office and technical roles",2 Supplemental,Verified active,High,Broad staffing portfolio.,https://www.toptemp.no/ledige-stillinger,https://www.toptemp.no/ledige-stillinger,2026-08-05,Medium,,
Capus,Staffing / recruitment,Recruiter job board,Norway / Oslo,High,Norwegian,Recruiter-owned,"Professional, leadership and specialist roles",3 Niche,Verified active,Medium,Recruitment and executive-search oriented.,https://capus.no/ledige-stillinger/,https://capus.no/ledige-stillinger/,2026-08-05,Medium,,
People,Staffing / recruitment,Recruiter job board,Norway,High,Norwegian,Recruiter-owned,"Retail, sales, service, finance and local staffing",1 Core,Verified active,High,Current listings include Oslo retail and service roles.,https://people.no/ledige-stillinger,https://people.no/ledige-stillinger,2026-08-05,High,,
Dreamwork,Staffing / recruitment,Recruiter job board,Norway / Oslo,High,Norwegian,Recruiter-owned,"Sales, customer service, retail and industrial roles",1 Core,Verified active,High,Direct RecMan vacancy feed is searchable.,https://dreamwork.no/ledige-stillinger/,https://dreamwork.recman.io/,2026-08-05,High,,
Logent Norway,Staffing / recruitment,Sector recruiter / employer board,Norway,High,Norwegian + English,Recruiter-owned,"Warehouse, logistics, production and supply chain",2 Supplemental,Verified active,High,Relevant to stockroom and warehouse searches.,https://logent.no/en/work-at-logent/open-positions-no/,https://logent.no/en/work-at-logent/open-positions-no/,2026-08-05,High,,
Legejobber,Healthcare,Sector job board,Norway,High,Norwegian,Mostly original,Doctors and medical specialists,3 Niche,Verified active,Low,Professional healthcare board.,https://www.legejobber.no/,https://www.legejobber.no/,2026-08-05,High,,
Dagens Medisin Jobb,Healthcare,Sector job board,Norway,High,Norwegian,Mostly original,Healthcare management and clinical roles,3 Niche,Verified active,Low,Medical industry publication’s job section.,https://jobb.dagensmedisin.no/,https://jobb.dagensmedisin.no/,2026-08-05,High,,
Sykepleien Jobb,Healthcare,Sector job board,Norway,High,Norwegian,Mostly original,Nursing and healthcare,3 Niche,Verified active,Low,Nurse-focused board.,https://jobb.sykepleien.no/,https://jobb.sykepleien.no/,2026-08-05,High,,
Vacant Helse,Healthcare,Healthcare staffing board,Norway,Medium,Norwegian,Recruiter-owned,Nursing and care assignments,3 Niche,Verified active,Low,Healthcare staffing assignments.,https://vacant.no/ledige-stillinger/,https://vacant.no/ledige-stillinger/,2026-08-05,High,,
WRK Medic,Healthcare,Healthcare staffing board,Norway,Medium,Norwegian,Recruiter-owned,Healthcare staffing,3 Niche,Verified active,Low,Specialist healthcare recruiter.,https://wrkmedic.no/ledige-stillinger/,https://wrkmedic.no/ledige-stillinger/,2026-08-05,High,,
Eccera Care,Healthcare,Healthcare staffing board,Norway,Medium,Norwegian + Scandinavian,Recruiter-owned,Healthcare and care assignments,3 Niche,Verified active,Low,Current care-staffing brand associated with the former Centric Care area.,https://eccera.com/no/care/,https://eccera.com/no/care/,2026-08-05,Medium,,
Dedicare Norway,Healthcare,Healthcare staffing board,Norway / Scandinavia,Medium,Norwegian + Scandinavian,Recruiter-owned,"Doctors, nurses, psychologists and care roles",3 Niche,Verified active,Low,Cross-Nordic healthcare staffing.,https://www.dedicare.no/jobb/,https://www.dedicare.no/jobb/,2026-08-05,High,,
PacuraMed,Healthcare,Healthcare staffing board,Norway,Medium,Norwegian,Recruiter-owned,Nursing and municipal healthcare assignments,3 Niche,Verified active,Low,Large searchable healthcare assignment pool.,https://pacuramed.no/ledige-stillinger/,https://pacuramed.no/ledige-stillinger/,2026-08-05,High,,
Medflow,Healthcare,Healthcare recruitment portal,Norway,Medium,Norwegian,Recruiter-owned,Doctors and healthcare professionals,3 Niche,Verified active,Low,Specialist medical recruitment.,https://medflow.no/ledige-stillinger,https://medflow.no/ledige-stillinger,2026-08-05,High,,
MediCarrera Norway,Healthcare,International healthcare recruiter,Norway / Europe,Low,English,Recruiter-owned,International medical professionals moving to Norway,3 Niche,Verified active,Low,Often includes relocation and language requirements.,https://medicarrera.com/jobs-in-norway/,https://medicarrera.com/jobs-in-norway/,2026-08-05,High,,
Helse Midt-Norge – ledige stillinger,Healthcare,Regional employer network,Central Norway,Low,Norwegian,Original employer ads,Hospital and regional health roles,3 Niche,Verified active,Low,"Regional, not Oslo-focused.",https://www.helse-midt.no/om-oss/om-oss-oversikt/ledige-stillinger/,https://www.helse-midt.no/om-oss/om-oss-oversikt/ledige-stillinger/,2026-08-05,High,,
Helse Nord – ledige stillinger,Healthcare,Regional employer network,Northern Norway,Low,Norwegian,Original employer ads,Hospital and regional health roles,3 Niche,Verified active,Low,"Regional, not Oslo-focused.",https://www.helse-nord.no/om-oss/ledige-stillinger/,https://www.helse-nord.no/om-oss/ledige-stillinger/,2026-08-05,High,,
Kampanje Jobb,Media / communications,Sector job board,Norway,High,Norwegian,Mostly original,"Marketing, advertising, communication and media",2 Supplemental,Verified active,High,Strong specialist board for commercial communication roles.,https://kampanje.com/jobb/,https://kampanje.com/jobb/,2026-08-05,High,,
Stilling M24,Media / communications,Sector job board,Norway,High,Norwegian,Mostly original,"Media, journalism and communications",3 Niche,Active; may be sparse,Medium,Operated by Medier24.,https://stilling.m24.no/,https://stilling.m24.no/,2026-08-05,High,,
Mediejobb / Journalisten,Media / communications,Sector job board,Norway,High,Norwegian,Mostly original,Journalism and editorial media,3 Niche,Verified active,Medium,Journalist-focused vacancies.,https://www.mediejobb.no/,https://www.mediejobb.no/,2026-08-05,High,,
Arkitektur – ledige stillinger,Architecture / design,Sector job board,Norway,High,Norwegian,Mostly original,"Architecture, landscape, BIM and urban design",3 Niche,Verified active,Low,Current listings include Oslo architecture roles.,https://www.arkitektur.no/ledige-stillinger/,https://www.arkitektur.no/ledige-stillinger/,2026-08-05,High,,
Dezeen Jobs – Oslo,Architecture / design,Global design job board,Oslo filter,High,English,Mostly original,Architecture and design,3 Niche,Active; sometimes zero listings,Low,Dedicated Oslo location page but volume can be sparse.,https://www.dezeenjobs.com/location/oslo/,https://www.dezeenjobs.com/location/oslo/,2026-08-05,High,,
Scenekunst.no Stillingsannonser,Culture / arts,Sector vacancy board,Norway,High,Norwegian,Mostly original,"Theatre, dance, production and venue roles",3 Niche,Verified active,Medium,Includes front-of-house and technical positions as well as artistic roles.,https://scenekunst.no/stillingsannonser,https://scenekunst.no/stillingsannonser,2026-08-05,High,,
Advokatjobb,Legal / finance,Sector job board,Norway,High,Norwegian,Mostly original,Law firms and legal roles,3 Niche,Verified active,Low,Legal specialist board.,https://advokatjobb.no/,https://advokatjobb.no/,2026-08-05,High,,
Rett24 Stillinger,Legal / finance,Sector job board,Norway,High,Norwegian,Mostly original,Legal and justice-sector roles,3 Niche,Verified active,Low,Legal news publication’s vacancy section.,https://rett24.no/stillinger,https://rett24.no/stillinger,2026-08-05,High,,
eFinancialCareers Norway,Legal / finance,Global finance job board,Norway filter,High,English,Mostly original,"Banking, finance, fintech and risk",3 Niche,Verified active,Medium,International finance-focused source.,https://www.efinancialcareers.no/,https://www.efinancialcareers.no/,2026-08-05,High,,
ACCA Careers Norway,Legal / finance,Global accounting job board,Norway filter,Medium,English,Mostly original,"Accounting, audit and finance",3 Niche,Verified active,Low,Specialist accounting source.,https://jobs.accaglobal.com/jobs/norway/,https://jobs.accaglobal.com/jobs/norway/,2026-08-05,High,,
Impactpool Norway,Impact / NGO,International impact job board,Norway filter + global,High,English,Mostly original,"UN, NGO, humanitarian and international organisations",3 Niche,Verified active,Medium,Useful for organisations headquartered in Oslo and remote/international roles.,https://www.impactpool.org/search,https://www.impactpool.org/search,2026-08-05,High,,
DevelopmentAid Norway,Impact / NGO,International development job board,Norway filter,Medium,English,Mostly original,"Aid, development and consultancy roles",3 Niche,Verified active,Medium,Specialist development-sector coverage.,https://www.developmentaid.org/jobs-in-norway,https://www.developmentaid.org/jobs-in-norway,2026-08-05,High,,
Probably Good,Impact / NGO,Impact job board,Global / remote,Medium,English,Mostly original,Climate and social-impact work,3 Niche,Verified active,Medium,Use Norway/Europe/remote filters where available.,https://probablygood.org/jobs,https://probablygood.org/jobs,2026-08-05,High,,
The Impact Job,Impact / NGO,Impact job board,Europe / remote,Medium,English,Mostly original,Sustainability and purpose-led roles,3 Niche,Verified active,Medium,Supplementary European impact board.,https://theimpactjob.com/,https://theimpactjob.com/,2026-08-05,High,,
Rigzone Norway,Engineering / energy,Global energy job board,Norway filter,Low,English,Mostly original,"Oil, gas, offshore and engineering",3 Niche,Verified active,Low,"More relevant outside Oslo, but some corporate and engineering roles appear.",https://www.rigzone.com/oil/jobs/search/?fl=Norway,https://www.rigzone.com/oil/jobs/search/?fl=Norway,2026-08-05,High,,
Energy Jobline Norway,Engineering / energy,Global energy job board,Norway filter,Medium,English,Mixed,"Energy, renewables and engineering",3 Niche,Verified active,Medium,Check original employer listing.,https://www.energyjobline.com/jobs/norway,https://www.energyjobline.com/jobs/norway,2026-08-05,High,,
Omega 365 Jobs,Engineering / energy,Consulting assignment portal,Norway + international,Medium,English + Norwegian,Original assignments,"Engineering, energy, project and data consulting",3 Niche,Verified active,Medium,Recurring Norwegian consultant assignments.,https://omega365.com/jobs,https://omega365.com/jobs,2026-08-05,High,,
Remote Rocketship Norway,Remote / global,Remote-job aggregator,Remote from Norway,High,English,Mostly aggregated,"Remote tech, support, marketing and consulting",2 Supplemental,Verified active,High,Dedicated Norway remote filter.,https://www.remoterocketship.com/country/norway/,https://www.remoterocketship.com/country/norway/,2026-08-05,High,,
Jobgether Norway,Remote / global,Remote-job aggregator,Remote / Norway,High,English,Mostly aggregated,Remote professional and technology roles,3 Niche,Verified active,High,Check geographic hiring eligibility carefully.,https://jobgether.com/remote-jobs/norway,https://jobgether.com/remote-jobs/norway,2026-08-05,High,,
EU Remote Jobs,Remote / global,Remote job board,Europe incl. Norway,High,English,Mostly original,Europe-compatible remote work,2 Supplemental,Verified active,High,Better geographic fit than US-only remote boards.,https://euremotejobs.com/,https://euremotejobs.com/,2026-08-05,High,,
We Work Remotely,Remote / global,Remote job board,Global,Medium,English,Mostly original,"Remote tech, product, support and sales",3 Niche,Verified active,High,Confirm that the employer can hire in Norway.,https://weworkremotely.com/,https://weworkremotely.com/,2026-08-05,High,,
NoDesk,Remote / global,Remote job board,Global,Medium,English,Mostly original,Remote startups and digital work,3 Niche,Verified active,High,Confirm Norway eligibility.,https://nodesk.co/remote-jobs/,https://nodesk.co/remote-jobs/,2026-08-05,High,,
Arc Remote Jobs Norway,Remote / global,Tech talent marketplace,Remote / Norway,High,English,Marketplace listings,Remote software and technical work,3 Niche,Verified active,High,Developer-heavy and often experience-sensitive.,https://arc.dev/remote-jobs/norway,https://arc.dev/remote-jobs/norway,2026-08-05,High,,
Faruse Norway,Oslo / international,English-language aggregator,Norway,Medium,English,Mostly aggregated,English-speaking roles and internships,3 Niche,Active; lower confidence,Medium,Use as a supplementary lead source and verify originals.,https://faruse.com/english-speaking/jobs/norway,https://faruse.com/english-speaking/jobs/norway,2026-08-05,Medium,,
Right People Group Norway,Freelance / consulting,Consultant assignment marketplace,Norway / Oslo,High,English + Norwegian,Original client assignments,Independent IT and business consultants,2 Supplemental,Verified active,High,Project-based consulting rather than ordinary employment.,https://rightpeoplegroup.com/no/find-consulting-projects/,https://rightpeoplegroup.com/no/find-consulting-projects/,2026-08-05,High,,
Ework – Find Work,Freelance / consulting,Consultant assignment marketplace,Nordics incl. Norway,High,English,Original client assignments,"IT, engineering and business consulting",2 Supplemental,Verified active,High,Requires consultant profile and often substantial experience.,https://www.eworkgroup.com/find-work,https://www.eworkgroup.com/find-work,2026-08-05,High,,
emagine – assignments,Freelance / consulting,Consultant assignment marketplace,Nordics / Europe incl. Norway,High,English,Original client assignments,Senior IT and digital consultants,3 Niche,Verified active,Medium,Former ProData Consult ecosystem; senior-experience bias.,https://emagine.org/consultants/available-assignments/,https://emagine.org/consultants/available-assignments/,2026-08-05,Medium,,
Freelancermap Norway,Freelance / consulting,Freelance project board,Norway filter,High,English,Original / recruiter projects,"IT, SAP and consulting contracts",3 Niche,Verified active,High,Dedicated Norway project page; often senior contracts.,https://www.freelancermap.com/projects/norway,https://www.freelancermap.com/projects/norway,2026-08-05,High,,
Jobbers.io Norway,Freelance / consulting,Freelance marketplace,Norway / Oslo filters,High,English,Marketplace projects,"Web, design, marketing, writing and consulting",3 Niche,Verified active,High,Commission-free positioning; assess project quality individually.,https://www.jobbers.io/location/norway/,https://www.jobbers.io/location/norway/,2026-08-05,High,,
Workana Norway,Freelance / consulting,Freelance marketplace,Norway client filter,Medium,English + other,Marketplace projects,"Programming, design, marketing and admin projects",3 Niche,Verified active,High,Global marketplace; Norwegian project volume varies.,https://www.workana.com/en/jobs?country=NO,https://www.workana.com/en/jobs?country=NO,2026-08-05,High,,
Twine Norway,Freelance / consulting,Creative freelance marketplace,Norway filter,Medium,English,Marketplace projects,"Design, video, music, writing and creative tech",3 Niche,Verified active,Medium,Best for portfolio-based project work.,https://www.twine.net/jobs/in/norway,https://www.twine.net/jobs/in/norway,2026-08-05,High,,
Upwork – Norwegian jobs,Freelance / consulting,Freelance marketplace,Global / Norwegian-language work,High,English + Norwegian,Marketplace projects,"AI data work, language, web, support and consulting",2 Supplemental,Verified active,High,Competitive global marketplace; fees and client quality vary.,https://www.upwork.com/freelance-jobs/norwegian/,https://www.upwork.com/freelance-jobs/norwegian/,2026-08-05,High,,
PayoutPartner Jobs,Freelance / consulting,Gig / freelance partner portal,Norway,High,Norwegian + English,Partner gigs,"Interpreting, hospitality, events and practical gigs",3 Niche,Verified active,Medium,Designed to support freelance work without establishing a company.,https://www.payoutpartner.com/no/en/jobs/,https://www.payoutpartner.com/no/en/jobs/,2026-08-05,High,,
